id,status,address,city,state,zip,price,arv,rehab_estimate,beds,baths,sqft,year_built,lot_size,property_type,garage,description,photos,featured,date_listed
41-e-173rd-st,Available,41** E 173rd St,Cleveland,OH,44128,115000,175000,,3,2,1007,1954,,Single Family,Detached Garage,"This 3-bedroom, 1-bath single-family property built in 1954 comes with a finished basement and a detached garage, offering strong value-add potential for investors focused on long-term rental, co-living, or resale upside. Now listed at $115,000 with an ARV of $175,000, this price reduction makes an already compelling deal even stronger, widening the rehab spread and creating multiple profitable exit strategies for the investor who moves fast and executes well.

At 1,007 sq ft, this property makes the most of every square foot, with the finished basement adding meaningful living and income space beyond the main floor footprint. Whether the next investor leverages the basement as additional rental space, a co-living setup maximizing room-by-room income potential, or a premium feature to attract higher-quality tenants and end buyers, that extra finished square footage translates directly to increased returns on the back end. The detached garage further enhances the property's appeal, adding both functionality and desirability for tenants and owner-occupants alike.

Located in Cleveland's southeast side, the 44128 corridor offers consistent rental demand and a strong tenant base drawn to affordable workforce housing. The spread between the newly reduced $115,000 asking price and the $175,000 ARV creates meaningful margin for a full renovation and a profitable exit, whether that's a stabilized long-term rental commanding strong east side rents or a quick flip to an owner-occupant or buy-and-hold investor.

Finished basement + detached garage + price reduction + clear rehab spread = a deal that will move fast.

BUYER TO PAY ALL CLOSING COSTS. Competitive Title. Text/call or respond to this email for showing: (216) 710-3474","assets/img/listings/41-e-173rd-st/01.jpg
assets/img/listings/41-e-173rd-st/02.jpg
assets/img/listings/41-e-173rd-st/03.jpg
assets/img/listings/41-e-173rd-st/04.jpg
assets/img/listings/41-e-173rd-st/05.jpg
assets/img/listings/41-e-173rd-st/06.jpg
assets/img/listings/41-e-173rd-st/07.jpg
assets/img/listings/41-e-173rd-st/08.jpg
assets/img/listings/41-e-173rd-st/09.jpg
assets/img/listings/41-e-173rd-st/10.jpg
assets/img/listings/41-e-173rd-st/11.jpg
assets/img/listings/41-e-173rd-st/12.jpg
assets/img/listings/41-e-173rd-st/13.jpg
assets/img/listings/41-e-173rd-st/14.jpg
assets/img/listings/41-e-173rd-st/15.jpg
assets/img/listings/41-e-173rd-st/16.jpg
assets/img/listings/41-e-173rd-st/17.jpg
assets/img/listings/41-e-173rd-st/18.jpg
assets/img/listings/41-e-173rd-st/19.jpg
assets/img/listings/41-e-173rd-st/20.jpg
assets/img/listings/41-e-173rd-st/21.jpg
assets/img/listings/41-e-173rd-st/22.jpg
assets/img/listings/41-e-173rd-st/23.jpg
assets/img/listings/41-e-173rd-st/24.jpg
assets/img/listings/41-e-173rd-st/25.jpg
assets/img/listings/41-e-173rd-st/26.jpg
assets/img/listings/41-e-173rd-st/27.jpg
assets/img/listings/41-e-173rd-st/28.jpg
assets/img/listings/41-e-173rd-st/29.jpg
assets/img/listings/41-e-173rd-st/30.jpg
assets/img/listings/41-e-173rd-st/31.jpg
assets/img/listings/41-e-173rd-st/32.jpg
assets/img/listings/41-e-173rd-st/33.jpg
assets/img/listings/41-e-173rd-st/34.jpg
assets/img/listings/41-e-173rd-st/35.jpg
assets/img/listings/41-e-173rd-st/36.jpg
assets/img/listings/41-e-173rd-st/37.jpg
assets/img/listings/41-e-173rd-st/38.jpg
assets/img/listings/41-e-173rd-st/39.jpg
assets/img/listings/41-e-173rd-st/40.jpg
assets/img/listings/41-e-173rd-st/41.jpg
assets/img/listings/41-e-173rd-st/42.jpg
assets/img/listings/41-e-173rd-st/43.jpg
assets/img/listings/41-e-173rd-st/44.jpg
assets/img/listings/41-e-173rd-st/45.jpg
assets/img/listings/41-e-173rd-st/46.jpg
assets/img/listings/41-e-173rd-st/47.jpg
assets/img/listings/41-e-173rd-st/48.jpg
assets/img/listings/41-e-173rd-st/49.jpg
assets/img/listings/41-e-173rd-st/50.jpg
assets/img/listings/41-e-173rd-st/51.jpg
assets/img/listings/41-e-173rd-st/52.jpg
assets/img/listings/41-e-173rd-st/53.jpg
assets/img/listings/41-e-173rd-st/54.jpg
assets/img/listings/41-e-173rd-st/55.jpg
assets/img/listings/41-e-173rd-st/56.jpg
assets/img/listings/41-e-173rd-st/57.jpg
assets/img/listings/41-e-173rd-st/58.jpg
assets/img/listings/41-e-173rd-st/59.jpg
assets/img/listings/41-e-173rd-st/60.jpg
assets/img/listings/41-e-173rd-st/61.jpg
assets/img/listings/41-e-173rd-st/62.jpg
assets/img/listings/41-e-173rd-st/63.jpg",yes,2026-08-19
